<?xml version="1.0" encoding="UTF-8"?>
<project-private xmlns="http://www.netbeans.org/ns/project-private/1">
    <editor-bookmarks xmlns="http://www.netbeans.org/ns/editor-bookmarks/2" lastBookmarkId="0"/>
    <open-files xmlns="http://www.netbeans.org/ns/projectui-open-files/2">
        <group>
            <file>file:/D:/FastWork/12%20-%20App%20Manage%20KRS%20-%20Java/ManageKRS/src/managekrs/fMenu.java</file>
            <file>file:/D:/FastWork/12%20-%20App%20Manage%20KRS%20-%20Java/ManageKRS/src/managekrs/koneksi.java</file>
            <file>file:/D:/FastWork/12%20-%20App%20Manage%20KRS%20-%20Java/ManageKRS/src/managekrs/fMahasiswa.java</file>
            <file>file:/D:/FastWork/12%20-%20App%20Manage%20KRS%20-%20Java/ManageKRS/src/managekrs/fMatakuliah.java</file>
        </group>
    </open-files>
</project-private>
